,pred_label
0,Yes
1,No
2,Yes
3,No
4,No
5,Yes
6,No
7,No
8,Yes
9,Yes
10,Yes
11,Yes
12,No
13,Yes
14,Yes
15,Yes
16,Yes
17,Yes
18,No
19,No
20,No
21,Yes
22,No
23,Yes
24,Yes
25,No
26,Yes
27,Yes
28,Yes
29,Yes
30,No
31,No
32,Yes
33,Yes
34,No
35,Yes
36,Yes
37,Yes
38,Yes
39,Yes
40,Yes
41,Yes
42,Yes
43,Yes
44,Yes
45,Yes
46,Yes
47,Yes
48,Yes
49,No
50,Yes
51,No
52,Yes
53,Yes
54,Yes
55,Yes
56,Yes
57,Yes
58,Yes
59,No
60,Yes
61,Yes
62,Yes
63,No
64,Yes
65,No
66,Yes
67,Yes
68,Yes
69,Yes
70,Yes
71,Yes
72,Yes
73,Yes
74,Yes
75,No
76,Yes
77,Yes
78,Yes
79,Yes
80,Yes
81,Yes
82,No
83,No
84,No
85,Yes
86,Yes
87,Yes
88,Yes
89,No
90,Yes
91,Yes
92,Yes
93,Yes
94,Yes
95,No
96,Yes
97,No
98,Yes
99,No
100,Yes
101,Yes
102,Yes
103,Yes
104,Yes
